[{"number":"01","lugares":4,"status":1,"total":"30.50","products":[{"productId":"3bdcd5a0-c1c1-11ec-bf7a-8161884cdea1","code":"7","unitPrice":"20.50","qtd":1},{"productId":"683586b0-c1c1-11ec-b58f-c3c662f7d4a8","code":"19","unitPrice":"5.00","qtd":2}]},{"number":"02","lugares":4,"status":0,"total":"0.00"},{"number":"03","lugares":4,"status":0,"total":"0.00"},{"number":"04","lugares":4,"status":0,"total":"0.00"},{"number":"05","lugares":4,"status":0,"total":"0.00"},{"number":"06","lugares":4,"status":0,"total":"0.00"},{"number":"07","lugares":4,"status":0,"total":"0.00"},{"number":"08","lugares":4,"status":0,"total":"0.00"},{"number":"09","lugares":4,"status":0,"total":"0.00"},{"number":"10","lugares":4,"status":0,"total":"0.00"},{"number":"11","lugares":4,"status":0,"total":"0.00"},{"number":"12","lugares":4,"status":0,"total":"0.00"},{"number":"13","lugares":4,"status":0,"total":"0.00"},{"number":"14","lugares":4,"status":0,"total":"0.00"},{"number":"15","lugares":4,"status":0,"total":"0.00"},{"number":"16","lugares":4,"status":0,"total":"0.00"},{"number":"17","lugares":4,"status":0,"total":"0.00"},{"number":"18","lugares":4,"status":0,"total":"0.00"},{"number":"19","lugares":4,"status":0,"total":"0.00"},{"number":"20","lugares":4,"status":0,"total":"0.00"},{"number":"21","lugares":4,"status":0,"total":"0.00"},{"number":"22","lugares":4,"status":0,"total":"0.00"},{"number":"23","lugares":4,"status":0,"total":"0.00"},{"number":"24","lugares":4,"status":0,"total":"0.00"},{"number":"25","lugares":4,"status":0,"total":"0.00"},{"number":"26","lugares":4,"status":0,"total":"0.00"},{"number":"27","lugares":4,"status":0,"total":"0.00"},{"number":"28","lugares":4,"status":0,"total":"0.00"},{"number":"29","lugares":4,"status":0,"total":"0.00"},{"number":"30","lugares":4,"status":0,"total":"0.00"},{"number":"31","lugares":4,"status":0,"total":"0.00"},{"number":"32","lugares":4,"status":0,"total":"0.00"},{"number":"33","lugares":4,"status":0,"total":"0.00"},{"number":"34","lugares":4,"status":0,"total":"0.00"},{"number":"35","lugares":4,"status":0,"total":"0.00"},{"number":"36","lugares":4,"status":0,"total":"0.00"},{"number":"37","lugares":4,"status":0,"total":"0.00"},{"number":"38","lugares":4,"status":0,"total":"0.00"},{"number":"39","lugares":4,"status":0,"total":"0.00"},{"number":"40","lugares":4,"status":0,"total":"0.00"},{"number":"41","lugares":4,"status":0,"total":"0.00"},{"number":"42","lugares":4,"status":0,"total":"0.00"},{"number":"43","lugares":4,"status":0,"total":"0.00"},{"number":"44","lugares":4,"status":0,"total":"0.00"},{"number":"45","lugares":4,"status":0,"total":"0.00"},{"number":"46","lugares":4,"status":0,"total":"0.00"},{"number":"47","lugares":4,"status":0,"total":"0.00"},{"number":"48","lugares":4,"status":0,"total":"0.00"},{"number":"49","lugares":4,"status":0,"total":"0.00"},{"number":"50","lugares":4,"status":0,"total":"0.00"},{"number":"51","lugares":4,"status":0,"total":"0.00"},{"number":"52","lugares":4,"status":0,"total":"0.00"},{"number":"53","lugares":4,"status":0,"total":"0.00"},{"number":"54","lugares":4,"status":0,"total":"0.00"},{"number":"55","lugares":4,"status":0,"total":"0.00"},{"number":"56","lugares":4,"status":0,"total":"0.00"},{"number":"57","lugares":4,"status":0,"total":"0.00"},{"number":"58","lugares":4,"status":0,"total":"0.00"},{"number":"59","lugares":4,"status":0,"total":"0.00"},{"number":"60","lugares":4,"status":0,"total":"0.00"},{"number":"61","lugares":4,"status":0,"total":"0.00"},{"number":"62","lugares":4,"status":0,"total":"0.00"},{"number":"63","lugares":4,"status":0,"total":"0.00"},{"number":"64","lugares":4,"status":0,"total":"0.00"},{"number":"65","lugares":4,"status":0,"total":"0.00"},{"number":"66","lugares":4,"status":0,"total":"0.00"},{"number":"67","lugares":4,"status":0,"total":"0.00"},{"number":"68","lugares":4,"status":0,"total":"0.00"},{"number":"69","lugares":4,"status":0,"total":"0.00"},{"number":"70","lugares":4,"status":0,"total":"0.00"},{"number":"71","lugares":4,"status":0,"total":"0.00"},{"number":"72","lugares":4,"status":0,"total":"0.00"},{"number":"73","lugares":4,"status":0,"total":"0.00"},{"number":"74","lugares":4,"status":0,"total":"0.00"},{"number":"75","lugares":4,"status":0,"total":"0.00"},{"number":"76","lugares":4,"status":0,"total":"0.00"},{"number":"77","lugares":4,"status":0,"total":"0.00"},{"number":"78","lugares":4,"status":0,"total":"0.00"},{"number":"79","lugares":4,"status":0,"total":"0.00"},{"number":"80","lugares":4,"status":0,"total":"0.00"},{"number":"81","lugares":4,"status":0,"total":"0.00"},{"number":"82","lugares":4,"status":0,"total":"0.00"},{"number":"83","lugares":4,"status":0,"total":"0.00"},{"number":"84","lugares":4,"status":0,"total":"0.00"},{"number":"85","lugares":4,"status":0,"total":"0.00"},{"number":"86","lugares":4,"status":0,"total":"0.00"},{"number":"87","lugares":4,"status":0,"total":"0.00"},{"number":"88","lugares":4,"status":0,"total":"0.00"},{"number":"89","lugares":4,"status":0,"total":"0.00"},{"number":"90","lugares":4,"status":0,"total":"0.00"},{"number":"91","lugares":4,"status":0,"total":"0.00"},{"number":"92","lugares":4,"status":0,"total":"0.00"},{"number":"93","lugares":4,"status":0,"total":"0.00"},{"number":"94","lugares":4,"status":0,"total":"0.00"},{"number":"95","lugares":4,"status":0,"total":"0.00"},{"number":"96","lugares":4,"status":0,"total":"0.00"},{"number":"97","lugares":4,"status":0,"total":"0.00"},{"number":"98","lugares":4,"status":0,"total":"0.00"},{"number":"99","lugares":4,"status":0,"total":"0.00"},{"number":"100","lugares":4,"status":0,"total":"0.00"}]